<?xml version="1.0" ?>
<LOG_ROOT>
	<PROJECT NAME="RelogioEstelita">
		<CBX_INST_ENTRY INSTANCE_NAME="|RelogioEstelita|lpm_divide:Div0" CBX_FILE_NAME="lpm_divide_vcm.tdf"/>
		<CBX_INST_ENTRY INSTANCE_NAME="|RelogioEstelita|lpm_divide:Div2" CBX_FILE_NAME="lpm_divide_vcm.tdf"/>
		<CBX_INST_ENTRY INSTANCE_NAME="|RelogioEstelita|lpm_divide:Mod1" CBX_FILE_NAME="lpm_divide_45m.tdf"/>
		<CBX_INST_ENTRY INSTANCE_NAME="|RelogioEstelita|lpm_divide:Div1" CBX_FILE_NAME="lpm_divide_vcm.tdf"/>
		<CBX_INST_ENTRY INSTANCE_NAME="|RelogioEstelita|lpm_divide:Mod0" CBX_FILE_NAME="lpm_divide_45m.tdf"/>
		<CBX_INST_ENTRY INSTANCE_NAME="|RelogioEstelita|lpm_divide:Mod2" CBX_FILE_NAME="lpm_divide_45m.tdf"/>
	</PROJECT>
</LOG_ROOT>
